CREATE DATABASE BOM;
USE BOM;
#CREATING TABLE TERMINAL
CREATE TABLE TERMINAL(TID VARCHAR(2) PRIMARY KEY,TNAME VARCHAR(10),TTYPE CHAR(20),LOCATION VARCHAR(10));
INSERT INTO TERMINAL
VALUES("T1","TERMINAL 1","DOMESTIC","SANTACRUZ"),
("T2","TERMINAL 2","INTERNATIONAL","SAHAR");
SELECT*FROM TERMINAL;

#creating table airline
CREATE TABLE AIRLINE(AIRID VARCHAR(3) PRIMARY KEY NOT NULL,AIRNAME CHAR(20),TID VARCHAR(2),foreign key(TID) REFERENCES TERMINAL(TID));
INSERT INTO AIRLINE
VALUES("AI","AIR INDIA","T2"),
("AA","AIR ARABIA","T1"),
("BA","BRITISH AIRWAYS","T2"),
("CX","CATHAY PACIFIC","T2"),
("EK","EMIRATES","T2"),
("6E","INDIGO","T1"),
("SV","SAUDIA","T2"),
("SG","SPICEJET","T1"),
("UK","VISTARA","T2"),
("QR","QATAR AIRWAYS","T2");
SELECT*FROM AIRLINE;

#creating table flight
CREATE TABLE FLIGHT(FCODE VARCHAR(7) PRIMARY KEY,DESTINATION CHAR(30), DEPARTURE VARCHAR(10),ARRIVAL VARCHAR(10),DURATION VARCHAR(10),FLIGHTTYPE VARCHAR(10),AIRID VARCHAR(2), FOREIGN KEY(AIRID) REFERENCES AIRLINE(AIRID));
INSERT INTO FLIGHT 
VALUES('AI2014','TEXAS(DFW)','02:10','03:15','24hr','Connecting',"AI"),
('QR2305','DOHA(DIA)','13:00','13:55','21hr','Non-stop',"QR"),
('BA1689','LONDON(YXU)','10:20','10:55','14hrs','Non-stop',"BA"),
('CX4367','HON KONG(HKG)','16:10','18:55','3hrs','Non-stop',"AA"),
('EK3456','SAN FRANSICO(SFO)','18:50','19:40','30hrs','Non-stop',"EK");
SELECT*FROM FLIGHT;

#CREATING PASSENGERS TABLE
CREATE TABLE PASSENGER(PID INT NOT NULL,
PASSPORTNO VARCHAR(10),
PNAME CHAR(30),
CITY CHAR(10),
PHONE CHAR(15),
AGE INT,GENDER CHAR(1),PRIMARY KEY(PID,PASSPORTNO),
FCODE VARCHAR(10), FOREIGN KEY(FCODE) REFERENCES FLIGHT(FCODE));
INSERT INTO PASSENGER
VALUES(1,'A1234568','AMIT OAK','MUMBAI','8080367290',30,'M','BA1689'),
(2,'B9876541','ANKITA AHIR','BARAMATI','8080367280',26,'F','AI2014'),
(3,'C2345698','KHYATI MISHRA','PUNE','8082267280',30,'F','QR2305'),
(4,'D1002004','ANKITA PATIL','PUNE','9080367266',23,'F','AI2014'),
(5,'X9324666','TEJASHREE PANDIT','NAGPUR','9004360125',28,'F','EK3456'),
(6,'B8765430','LAKSHMI SHARMA','MUMBAI','7666190505',30,'F','AI2014'),
(7,'J9801235','AKHILESH JOSHI','MUMBAI','9080369290',29,'M','AI2014'),
(8,'A1122334','MADHAVI LAKHANI','NASHIK','9004335126',25,'F','BA1689'),
(9,'Q1243567','KARAN MOTANI','MUMBAI','9727626643',22,'M','QR2305'),
(10,'S1243269','ROM SOLANKI','PUNE','9004568903',60,'M','EK3456'),
(11,'E3277889','PRIYA BANSAL','MUMBAI','9724569986',10,'F','AI2014'),
(12,'K3212322','SARA MITTAL','PUNE','9024569226',15,'F','BA1689'),
(13,'P3452390','ALIA SOLANKI','NASHIK','9734567800',10,'F','AI2014'),
(14,'W7543336','JOHN SMITH','MUMBAI','4624569986',55,'M','CX4367'),
(15,'R8990566','RIA GUPTA','MUMBAI','4724512343',10,'F','EK3456'),
(16,'P1234567', 'JIA DAS','PUNE','8762829355', 32, 'F', 'QR2305'),
(17,'S2345678', 'Emily Johnson', 'MUMBAI','7823762828',45, 'F', 'AI2014'),
(18, 'P345678901','ROHAN MISHRA','MUMBAI','3528194728', 45, 'M','EK3456'),
(19, 'AB1234567', 'VIHA PAWAR', 'PUNE', '234567890', 32, 'F', 'BA1689'),
(20, 'CD9876543', 'RAMA RAO', 'NAGPUR', '9876543210', 28, 'F', 'BA1689'),
(21, 'EF4567890', 'VAIDEHI VISHWAS', 'PUNE', '9345678901', 45, 'F', 'CX4367'),
(22, 'GH2345678', 'SARAH RAO', 'MUMBAI', '3456789012', 22, 'F', 'CX4367'),
(23, 'IJ3456789', 'ROHAN SHINDE', 'NASHIK', '4567890123', 55, 'M', 'CX4367'),
(24, 'KL7890123', 'RIDDHI PAWAR', 'PUNE', '6789012345', 36, 'F', 'AI2014'),
(25, 'OP1234567', 'SIDDHI RAVAT', 'NASHIK', '7890123456', 24, 'F', 'AI2014'),
(26, 'QS2345678', 'SOHAM KAMATH', 'PUNE', '8901234567', 50, 'M', 'AI2014'),
(27, 'ST3456789', 'OLIVIA GARCIA', 'MUMBAI', '9012345678', 19, 'F', 'EK3456'),
(28, 'UV4567890', 'MITALI SONAWANE', 'NASHIK', '9123456789', 34, 'F', 'EK3456'),
(29, 'YZ5678901', 'VISHWAS MOHITE', 'NASHIK', '2345678901', 41, 'M', 'EK3456'),
(30, 'WX5678901', 'SHIVAM PAWAR', 'PUNE', '3456789012', 28, 'M', 'EK3456'),
(31, 'AB1237890', 'RAHUL VAIDYA', 'NASHIK', '4567890123', 39, 'M', 'BA1689'),
(32, 'CD2345678', 'MEHAK RAO', 'MUMBAI', '5678901234', 32, 'F', 'BA1689'),
(33, 'EF1234567', 'MEHUL SINGH', 'MUMBAI', '6789012345', 29, 'M', 'BA1689'),
(34, 'GH9876543', 'AVA DAVIS', 'MUMBAI', '7890123456', 24, 'F', 'BA1689'),
(35, 'IJ3456789', 'SHRADDHA RAI', 'PUNE', '8901234567', 45, 'F', 'BA1689'),
(36, 'KL2345678', 'NATALIE GARCIA', 'PUNE', '9012345678', 22, 'F', 'CX4367'),
(37, 'OP9876543', 'SUMIT GAIKWAD', 'NASHIK', '9123456789', 51, 'M', 'CX4367'),
(38, 'QR1234567', 'SIDDHI PAWAR', 'NASHIK', '1234567890', 27, 'F', 'CX4367'),
(39, 'ST2345678', 'SAVITRI RAO', 'MUMBAI', '2345678901', 33, 'F', 'CX4367'),
(40, 'UV1237890', 'Sophia SMITH', 'MUMBAI', '3456789012', 29, 'F', 'CX4367'),
(41, 'WX2345678', 'ERA WAGHMARE', 'NAGPUR', '4567890123', 19, 'F', 'CX4367'),
(42, 'YZ1234567', 'ISHAN PAWAR', 'LONAVALA', '5678901234', 22, 'M', 'CX4367'),
(43, 'AB2345678', 'SANGITA MISHRA', 'MUMBAI', '6789012345', 43, 'F', 'QR2305'),
(44, 'CD7890123', 'RITESH JADHAV', 'MUMBAI', '7890123456', 31, 'M', 'QR2305'),
(45, 'EF2345678', 'SOHAM RAI', 'PUNE', '8901234567', 26, 'M', 'QR2305'),
(46, 'GH1237890', 'LILY JOHNSON', 'MUMBAI', '9012345678', 29, 'F', 'AI2014'),
(47, 'IJ2345678', 'RADHIKA RAVAT', 'MUMBAI', '7123456789', 40, 'F', 'AI2014'),
(48, 'KL1234567', 'GANESH VAIDHYA', 'NASHIK', '5234567890', 28, 'M', 'AI2014'),
(49, 'OP2345678', 'VIDHI VAIDHYA', 'NASHIK', '2345678901', 24, 'F', 'AI2014'),
(50, 'UV3456789', 'ADITYA VAIDHYA', 'NASHIK', '3456789012', 10, 'M', 'AI2014'),
(51, 'WX4567890', 'EMMA JOHNSON', 'MUMBAI', '4567890123', 28, 'F', 'AI2014'),
(52, 'YZ2345678', 'IAN MISHRA', 'MUMBAI', '5678901234', 45, 'M', 'QR2305'),
(53, 'AB3456789', 'SUMITA RAI', 'PUNE', '6789012345', 26, 'F', 'QR2305'),
(54, 'CD4567890', 'JIA AGARWAL', 'LONAVALA', '7890123456', 55, 'F', 'QR2305'),
(55, 'EF3456789', 'ROMIT KHARAT', 'NAGPUR', '8901234567', 27, 'M', 'QR2305'),
(56, 'GH2345678', 'REKHA AGARWAL', 'MUMBAI', '9012345678', 38, 'F', 'CX4367'),
(57, 'IJ3456789', 'AVANTI THAKUR', 'LONAVALA', '7123456789', 29, 'F', 'CX4367'),
(58, 'KL4567890', 'VED PANDIT', 'PUNE', '8234567890', 34, 'M', 'CX4367'),
(59, 'MN3456789', 'RAGHV SWAMI', 'PUNE', '7345678901', 22, 'M', 'BA1689'),
(60, 'OP3456789', 'SUNITA PAWAR', 'LONAVALA', '3456789012', 30, 'F', 'BA1689'),
(61, 'QR4567890', 'SUNIL PAWAR', 'LONAVALA', '4567890123', 35, 'M', 'BA1689'),
(62, 'ST3456789', 'RIYA PAWAR', 'LONAVALA', '5678901234', 18, 'F', 'BA1689'),
(63 ,'UV4567890', 'RISHABH PAWAR', 'LONAVALA', '6789012345', 14, 'M', 'BA1689'),
(64, 'WX5678901', 'BINDU SINHA', 'MUMBAI', '7890123456', 41, 'F', 'EK3456'),
(65, 'YZ3456789', 'AVI MALHOTRA', 'MUMBAI', '8901234567', 29, 'M', 'EK3456'),
(66, 'AB4567890', 'RIDDHI SAVANT', 'NAGPUR', '9013345678', 24, 'F', 'EK3456'),
(67, 'CD5678901', 'CHETAN KOLHLE', 'NASHIK', '5124456789', 31, 'M', 'EK3456'),
(68, 'EF4567890', 'MANISH RAVAT', 'PUNE', '7235567890', 36, 'M', 'EK3456'),
(69, 'GH5678901', 'LILY SMITH', 'MUMBAI', '2345678901', 23, 'F', 'AI2014'),
(70, 'IJ5678901', 'OM KAMATH', 'LONAVALA', '3456789012', 38, 'M', 'AI2014'),
(71, 'KL5678901', 'VIKAS KADAM', 'BARAMATI', '4567890123', 28, 'M', 'AI2014'),
(72, 'MN5678901', 'KESHAV RAO', 'PUNE', '5678901234', 44, 'M', 'AI2014'),
(73, 'OP5678901', 'AVINASH BHALERAO', 'NASHIK', '6789012345', 30, 'M', 'EK3456'),
(74, 'QR5678901', 'DEENANATH KADAM', 'MUMBAI', '7890123456', 33, 'M', 'EK3456'),
(75, 'ST5678901', 'OMKAR JADHAV', 'LOANAVALA', '8901234567', 29, 'M', 'EK3456'),
(76, 'UV5678901', 'NIKHIL INGALE', 'LONAVALA', '9012345678', 31, 'M', 'CX4367'),
(77, 'WX5678901', 'ISHAN KADAM', 'PUNE', '8123456789', 27, 'M', 'QR2305'),
(78, 'YZ5678901', 'LILY MARTIN', 'MUMBAI', '7234567890', 21, 'F', 'CX4367'),
(79, 'AB6789012', 'AARYA KAPOOR', 'MUMBAI', '2345678901', 22, 'F', 'QR2305'),
(80, 'TR5772722', 'VIKAS KOLHE', 'BARAMATI', '9040822344', 34, 'M', 'AI2014'),
(81, 'IJ6789012', 'VISHAL KORDE', 'MUMBAI', '3456789012', 31, 'M', 'BA1689'),
(82, 'KL7890123', 'RADHIKA VITTHAL', 'NASHIK', '4567890123', 29, 'F', 'BA1689'),
(83, 'MN6789012', 'TARUN MISHRA', 'MUMBAI', '5678901234', 42, 'M', 'BA1689'),
(84, 'OP7890123', 'KARAN ROY', 'PUNE', '6789012345', 37, 'M', 'BA1689'),
(85, 'QR6789012', 'AVA WILSON', 'MUMBAI', '7890123456', 26, 'F', 'BA1689'),
(86, 'ST7890123', 'LAKSHYA KADAM', 'NASHIK', '8901234567', 34, 'M', 'CX4367'),
(87, 'UV6789012', 'KIRAN MALHOTRA', 'MUMBAI', '9144235678', 28, 'M', 'CX4367'),
(88, 'WX7890123', 'GAURI WAGHMARE', 'PUNE', '7123456789', 32, 'F', 'CX4367'),
(89, 'YZ6789012', 'CHLOE ROSE', 'MUMBAI', '8234567890', 23, 'F', 'CX4367'),
(90, 'AB8901234', 'YASH PATIL', 'PUNE', '2345678901', 31, 'M', 'QR2305'),
(91, 'CD6789012', 'SHRUTI MORE', 'PUNE', '3456789012', 23, 'F', 'QR2305'),
(92, 'EF8901234', 'SAKSHI MORE', 'PUNE', '4567890123', 29, 'F', 'QR2305'),
(93, 'GH6789012', 'OMKAR KADAM', 'MUMBAI', '5678901234', 35, 'M', 'QR2305'),
(94, 'IJ8901234', 'HARDIK RAVAT', 'NASHIK', '6789012345', 24, 'M', 'QR2305'),
(95, 'KL8901234', 'RIYA YADAV', 'LONAVALA', '7890123456', 22, 'F', 'AI2014'),
(96, 'MN8901234', 'ISHAN THAKUR', 'LONAVALA', '8901234567', 29, 'M', 'AI2014'),
(97, 'OP6789012', 'JAMES MARTIN', 'MUMBAI', '9012345678', 33, 'M', 'AI2014'),
(98, 'QR8901234', 'MADHAV YADAV', 'PUNE', '8123456789', 28, 'M', 'AI2014'),
(99, 'ST8901234', 'LATIKA KOLHE', 'PUNE', '8234567890', 37, 'F', 'BA1689'),
(100, 'UV8901234', 'SONIA MOHAN', 'MUMBAI', '2345678901', 22, 'F', 'BA1689'),
(101, 'WX8901234', 'NIDHI GOSAVI', 'LONAVALA', '3456789012', 28, 'F', 'EK3456'),
(102, 'YZ8901234', 'NITIN GOSAVI', 'LONAVALA', '4567890123', 31, 'M', 'EK3456'),
(103, 'AB9012345', 'SHIVANI SWAMI', 'PUNE', '5678901234', 41, 'F', 'EK3456'),
(104, 'CD9012345', 'DIVYA MANE', 'MUMBAI', '6789012345', 29, 'F', 'EK3456'),
(105, 'EF9012345', 'MANAS MISHRA', 'NAGPUR', '7890123456', 36, 'M', 'EK3456'),
(106, 'GH9012345', 'SOPHIA MARTINEZ', 'MUMBAI', '8901234567', 24, 'F', 'EK3456'),
(107, 'IJ9012345', 'RAM SURYAVANSHI', 'PUNE', '9042345678', 39, 'M', 'EK3456'),
(108, 'KL9012345', 'AVANTI RAI', 'NASHIK', '6123456789', 27, 'F', 'QR2305'),
(109, 'MN9012345', 'SOHAM MANJULE', 'NASHIK', '1234567890', 28, 'M', 'QR2305'),
(110, 'OP9012345', 'SHANTI ROY', 'MUMBAI', '2345638901', 33, 'F', 'QR2305'),
(111, 'QR9012345', 'MANSI KALE', 'MUMBAI', '3456789012', 30, 'F', 'CX4367'),
(112, 'ST9012345', 'ASHISH MANE', 'PUNE', '4567890123', 26, 'M', 'CX4367'),
(113, 'UV9012345', 'SOPHIA MARTIN', 'LONAVALA', '5678901234', 44, 'F', 'CX4367'),
(114, 'WX9012345', 'DHRUVI SINGH', 'MUMBAI', '6783012345', 29, 'F', 'CX4367'),
(115, 'YZ9012345', 'UTKARSH MORE', 'NASHIK', '7890123456', 38, 'M', 'CX4367'),
(116, 'AB0123456', 'VEDIKA MORE', 'NISHIK', '8901234567', 31, 'F', 'CX4367'),
(117, 'CD0123456', 'SHANTANU VARDE', 'PUNE', '9012345678', 29, 'M', 'AI2014'),
(118, 'EF0123456', 'RAGHAV KAMATH', 'PUNE', '7123456789', 37, 'M', 'AI2014'),
(119, 'GH0123456', 'DAMODAR KAMATH', 'MUMBAI', '8234567890', 40, 'M', 'AI2014'),
(120, 'IJ0123456', 'GAURI MORE', 'MUMBAI', '2485678901', 29, 'F', 'AI2014');


SELECT*FROM PASSENGER;

CREATE TABLE TICKET(TNO VARCHAR(30), 
PID INT,
PASSPORTNO VARCHAR(15), 
FFROM VARCHAR(5),
FTO VARCHAR(5),
DATE_OF_BOOKING DATE,
DATE_OF_FLIGHT DATE,
SEATNO VARCHAR(20) ,
CLASS VARCHAR(20),
PRICE INT,  
FOREIGN KEY(PID,PASSPORTNO) REFERENCES PASSENGER(PID,PASSPORTNO));
INSERT INTO TICKET
VALUES('0011234111122',1,'A1234568','BOM','YXU','2022-05-16','2022-12-16','32A','ECONOMY',55000),
('0984567222299',2,'B9876541','BOM','DFW','2022-08-23','2022-12-16','45D','ECONOMY',81000),
('1768901333273',3,'C2345698','BOM','DIA','2022-08-16','2022-12-16','1A','BUSINESS',35000),
('5890987441464',4,'D1002004','BOM','DFW','2022-10-08','2022-12-16','20C','FIRST-CLASS',98000),
('1577654664266',5,'X9324666','BOM','SFO','2022-06-09','2022-12-16','54E','ECONOMY',50000),
('2206543545545',6,'B8765430','BOM','DFW','2022-06-16','2022-12-16','43B','ECONOMY',81000),
('7064321779737',7,'J9801235','BOM','DFW','2022-10-23','2022-12-16','27B','FIRST-CLASS',98000),
('1571357215116',8,'A1122334','BOM','YXU','2022-10-14','2022-12-16','34E','ECONOMY',45000),
('1570864987655',9,'Q1243567','BOM','DIA','2022-11-03','2022-12-16','54C','ECONOMY',20000),
('1579283997799',10,'S1243269','BOM','SFO','2022-10-11','2022-12-16','38A','ECONOMY',50000),
('1255701876107',11,'E3277889','BOM','DFW','2022-10-28','2022-12-16','57F','ECONOMY',81000),
('1251334499699',12,'K3212322','BOM','YXU','2022-11-16','2022-12-16','45D','ECONOMY',45000),
('1258776199490',13,'P3452390','BOM','DFW','2022-05-27','2022-12-16','37C','ECONOMY',81000),
('5891155114477',14,'W7543336','BOM','HKG','2022-08-10','2022-12-16','55C','ECONOMY',13000),
('5893069766787',15,'R8990566','BOM','SFO','2022-09-16','2022-12-16','33F','ECONOMY',42000),
('2637382901644', 16, 'P1234567', 'BOM','DIA', '2022-01-05', '2022-09-15', '12A', 'BUSINESS',35000),
('2473819378293', 17, 'S2345678', 'BOM', 'DFW', '2022-01-12', '2022-09-15', '22B', 'ECONOMY',100000),
('4562748193027', 18, 'P345678901', 'BOM', 'SFO', '2022-05-07', '2022-09-15', '63C', 'FIRST-CLASS', 150000),
('5637281940289', 19, 'AB1234567', 'BOM', 'YXU', '2022-03-08', '2022-09-15', '34D', 'ECONOMY', 45000),
('3427193005832', 20, 'CD9876543', 'BOM', 'YXU', '2022-05-09', '2022-09-15', '35E', 'BUSINESS', 65000),
('2375839104536', 21, 'EF4567890', 'BOM', 'HKG', '2022-05-10', '2022-09-15', '61F', 'ECONOMY', 13000),
('3489502400213', 22, 'GH2345678', 'BOM', 'HKG', '2022-02-11', '2022-09-15', '73G', 'FIRST-CLASS', 27000),
('3330000227489', 23, 'IJ3456789', 'BOM', 'HKG', '2022-03-12', '2022-09-15', '18H', 'BUSINESS', 34000),
('9935772199009', 24, 'KL7890123', 'BOM', 'DFW', '2022-02-13', '2022-09-15', '91I', 'ECONOMY',810000),
('3268491630034', 25, 'OP1234567', 'BOM', 'DFW', '2022-05-14', '2022-09-15', '10J', 'BUSINESS', 125000),
('5738294600048', 26, 'QS2345678', 'BOM', 'DFW', '2022-05-07', '2022-09-15', '11K', 'ECONOMY', 810000),
('6489217399917', 27, 'ST3456789', 'BOM', 'SFO', '2022-03-16', '2022-09-15', '12L', 'FIRST CLASS', 150000),
('6472746999173', 28, 'UV4567890', 'BOM', 'SFO', '2022-02-17', '2022-09-15', '13M', 'BUSINESS', 165000),
('6477728139744', 29, 'YZ5678901', 'BOM', 'SFO', '2022-04-15', '2022-09-15', '19N', 'ECONOMY', 50000),
('4228648888499', 30, 'WX5678901', 'BOM', 'SFO', '2022-05-19', '2022-09-15', '55O', 'BUSINESS', 165000),
('1646666483747', 31, 'AB1237890', 'BOM', 'YXU', '2022-04-20', '2022-10-30', '16P', 'ECONOMY', 45000),
('1478888390933', 32, 'CD2345678', 'BOM', 'YXU', '2022-04-20', '2022-10-30', '56A', 'FIRST-CLASS', 60000),
('4667779200008', 33, 'EF1234567', 'BOM', 'YXU', '2022-08-15', '2022-10-30', '18R', 'BUSINESS', 65000),
('3681777192733', 34, 'GH9876543', 'BOM', 'YXU', '2022-04-23', '2022-10-30', '19B', 'ECONOMY', 45000),
('4447728291233', 35, 'IJ3456789', 'BOM', 'YXU', '2022-05-24', '2022-10-30', '20T', 'BUSINESS', 65000),
('3791773737183', 36, 'KL2345678', 'BOM', 'HKG', '2022-07-05', '2022-10-30', '1A', 'BUSINESS', 34000),
('7758888330299', 37, 'OP9876543', 'BOM', 'HKG', '2022-04-06', '2022-10-30', '52B', 'ECONOMY', 13000),
('7738299298331', 38, 'QR1234567', 'BOM', 'HKG', '2022-07-01', '2022-10-30', '34A', 'FIRST-CLASS', 27000),
('4900038849932', 39, 'ST2345678', 'BOM', 'HKG', '2022-08-08', '2022-10-30', '24D', 'ECONOMY', 13000),
('2256100435515', 40, 'UV1237890', 'BOM', 'HKG', '2022-06-30', '2022-10-30', '45E', 'BUSINESS', 34000),
('9930982999201', 41, 'WX2345678', 'BOM', 'HKG', '2022-06-10', '2022-10-30', '16F', 'ECONOMY', 13000),
('3577728199283', 42, 'YZ1234567', 'BOM', 'HKG', '2022-06-11', '2022-10-30', '57G', 'FIRST-CLASS', 27000),
('6667493777492', 43, 'AB2345678', 'BOM', 'DIA', '2022-08-12', '2022-10-30', '38H', 'BUSINESS', 35000),
('2228765479996', 44, 'CD7890123', 'BOM', 'DIA', '2022-07-13', '2022-10-30', '19I', 'ECONOMY', 20000),
('4464376678600', 45, 'EF2345678', 'BOM', 'DIA', '2022-09-01', '2022-10-30', '10J', 'BUSINESS', 35000),
('4671777398729', 46, 'GH1237890', 'BOM', 'DFW', '2022-09-15', '2022-11-25', '33A', 'ECONOMY', 81000),
('7738298919002', 47, 'IJ2345678', 'BOM', 'DFW', '2022-08-12', '2022-11-25', '12L', 'FIRST-CLASS', 98000),
('9900002333244', 48, 'KL1234567', 'BOM', 'DFW', '2022-09-17', '2022-11-25', '45B','ECONOMY', 150000),
('0000213332344', 49, 'OP2345678', 'BOM', 'DFW', '2022-08-18', '2022-11-25', '46B', 'ECONOMY', 81000),
('4889990000235', 50, 'UV3456789', 'BOM', 'DFW', '2022-08-19', '2022-11-25', '47', 'ECONOMY',150000),
('7429992029936', 51, 'WX4567890', 'BOM', 'DFW', '2022-09-20', '2022-11-25', '16P', 'ECONOMY', 81000),
('8694000349525', 52, 'YZ2345678', 'BOM', 'DIA', '2022-09-11', '2022-11-25', '23Q', 'FIRST-CLASS', 28000),
('4900034934134', 53, 'AB3456789', 'BOM', 'DIA', '2022-09-14', '2022-11-25', '16A', 'BUSINESS', 35000),
('3324449900449', 54, 'CD4567890', 'BOM', 'DIA', '2022-09-23', '2023-11-25', '19S', 'ECONOMY',20000),
('8499900940147', 55, 'EF3456789', 'BOM', 'DIA', '2022-09-25', '2022-11-25', '20T', 'BUSINESS', 35000),
('8490300047188', 56, 'GH2345678', 'BOM', 'HKG', '2022-09-13', '2022-11-25', '21B', 'ECONOMY',13000 ),
('8669899907777', 57, 'IJ3456789', 'BOM', 'HKG', '2022-08-26', '2022-11-25', '22V', 'FIRST-CLASS',27000 ),
('6888864530000', 58, 'KL4567890', 'BOM', 'HKG', '2022-09-27', '2022-11-25', '23W', 'BUSINESS',34000 ),
('7090076321124', 59, 'MN3456789', 'BOM', 'YXU', '2022-08-28', '2022-10-10', '24G', 'BUSINESS', 65000),
('4578875432221', 60, 'OP3456789', 'BOM', 'YXU', '2022-08-29', '2022-10-10', '20B', 'ECONOMY', 45000),
('4578875432222', 61, 'QR4567890', 'BOM', 'YXU', '2022-08-29', '2022-10-10', '21B', 'ECONOMY',45000 ),
('4578875432223', 62, 'ST3456789', 'BOM', 'YXU', '2022-08-29', '2022-10-10', '22B', 'ECONOMY', 45000),
('4578875432224', 63, 'UV4567890', 'BOM', 'YXU', '2022-08-29', '2022-10-10', '23B', 'ECONOMY',45000),
('4974798898357', 64, 'WX5678901', 'BOM', 'SFO', '2022-07-03', '2022-10-10', '29C', 'ECONOMY', 50000),
('5894020589285', 65, 'YZ3456789', 'BOM', 'SFO', '2022-09-04', '2022-10-10', '35G', 'BUSINESS', 165000),
('0049947392223', 66, 'AB4567890', 'BOM', 'SFO', '2022-08-05', '2022-10-10', '31E', 'ECONOMY', 50000),
('9403948848998', 67, 'CD5678901', 'BOM', 'SFO', '2022-09-06', '2022-10-10', '38A', 'FIRST-CLASS', 150000),
('8539002883744', 68, 'EF4567890', 'BOM', 'SFO', '2022-09-14', '2022-10-10', '33G', 'BUSINESS', 165000),
('38290183889920', 69, 'GH5678901', 'BOM', 'DFW', '2022-09-08', '2022-10-10', '78A', 'ECONOMY',81000),
('47034983404488', 70, 'IJ5678901', 'BOM', 'DFW', '2022-08-09', '2022-10-10', '35I', 'BUSINESS', 150000),
('05977540028874', 71, 'KL5678901', 'BOM', 'DFW', '2022-08-10', '2023-10-10', '33J', 'ECONOMY',81000 ),
('58949940024983', 72, 'MN5678901', 'BOM', 'DFW', '2022-09-11', '2023-10-10', '12A', 'FIRST-CLASS', 98000),
('85900298893884', 73, 'OP5678901', 'BOM', 'SFO', '2022-07-12', '2022-10-10', '38B', 'BUSINESS', 165000),
('94003030434429', 74, 'QR5678901', 'BOM', 'SFO', '2022-09-13', '2022-10-10', '39D', 'ECONOMY', 50000),
('04958488477201', 75, 'ST5678901', 'BOM', 'SFO', '2022-06-14', '2023-08-24', '15A', 'BUSINESS', 165000),
('84900028311113',76, 'UV5678901', 'BOM', 'HKG', '2022-06-15', '2022-08-24', '41C', 'ECONOMY', 13000),
('49030032841112', 77, 'WX5678901', 'BOM', 'DIA', '2022-07-16', '2022-08-24', '42P', 'FIRST-CLASS', 28000),
('09331138399282', 78, 'YZ5678901', 'BOM', 'HKG', '2022-06-17', '2022-08-24', '43Q', 'BUSINESS', 34000),
('49003049947747', 79, 'AB6789012', 'BOM', 'DIA', '2022-07-18', '2022-08-24', '49G', 'ECONOMY', 20000),
('48930011982839', 80, 'TR5772722', 'BOM', 'DFW', '2022-07-19', '2022-08-24', '55F', 'BUSINESS',150000 ),
('93920919211283', 81, 'IJ6789012', 'BOM', 'YXU', '2022-07-30', '2022-08-24', '59A', 'ECONOMY', 45000),
('89976653342213', 82, 'KL7890123', 'BOM', 'YXU', '2022-06-30', '2022-08-24', '13E', 'FIRST-CLASS', 60000),
('39014799818118', 83, 'MN6789012', 'BOM', 'YXU', '2022-07-22', '2022-08-24', '56D', 'BUSINESS', 65000),
('87322457649980', 84, 'OP7890123', 'BOM', 'YXU', '2022-07-23', '2022-08-24', '34C', 'ECONOMY',45000),
('78984236007641', 85, 'QR6789012', 'BOM', 'YXU', '2022-07-24', '2022-08-24', '50X', 'BUSINESS', 65000),
('63728366283765', 86, 'ST7890123', 'BOM', 'HKG', '2022-06-05', '2022-08-24', '25E', 'BUSINESS', 65000),
('72553532700099', 87, 'UV6789012', 'BOM', 'HKG', '2022-07-06', '2022-08-24', '42B', 'ECONOMY', 13000),
('67352462870098', 88, 'WX7890123', 'BOM', 'HKG', '2022-07-07', '2022-08-24', '33C', 'FIRST-CLASS', 27000),
('97457389216473', 89, 'YZ6789012', 'BOM', 'HKG', '2022-06-08', '2022-08-24', '14D', 'ECONOMY', 13000),
('43562789017649', 90, 'AB8901234', 'BOM', 'DIA', '2022-07-09', '2022-08-24', '35E', 'BUSINESS', 35000),
('56478902165377', 91, 'CD6789012', 'BOM', 'DIA', '2022-07-10', '2022-08-24', '36F', 'ECONOMY', 20000),
('67849024135677', 92, 'EF8901234', 'BOM', 'DIA', '2022-06-11', '2022-08-24', '37G', 'FIRST-CLASS', 28000),
('45637890524369', 93, 'GH6789012', 'BOM', 'DIA', '2022-07-12', '2022-08-24', '28H', 'BUSINESS', 35000),
('23145647689078', 94, 'IJ8901234', 'BOM', 'DIA', '2022-07-13', '2022-09-20', '39I', 'ECONOMY', 20000),
('43567289858777', 95, 'KL8901234', 'BOM', 'DFW', '2022-06-14', '2022-09-20', '10J', 'BUSINESS', 150000),
('56667766443377', 96, 'MN8901234', 'BOM', 'DFW', '2022-07-15', '2022-09-20', '11K', 'ECONOMY',81000),
('23415672789876', 97, 'OP6789012', 'BOM', 'DFW', '2022-07-16', '2022-09-20', '12L', 'FIRST CLASS', 98000),
('56478862515648', 98, 'QR8901234', 'BOM', 'DFW', '2022-08-17', '2022-09-20', '13M', 'BUSINESS', 150000),
('56748990877765', 99, 'ST8901234', 'BOM', 'YXU', '2022-07-18', '2022-09-20', '14N', 'ECONOMY', 45000),
('32461789087767', 100,'UV8901234', 'BOM', 'YXU', '2022-06-19', '2022-09-20', '15O', 'BUSINESS', 65000),
('56789087655555', 101, 'WX8901234', 'BOM', 'SFO', '2022-07-20', '2022-09-20', '12A', 'ECONOMY', 50000),
('35672888749847', 102, 'YZ8901234', 'BOM', 'SFO', '2022-07-20', '2022-09-20', '13A', 'ECONOMY', 50000),
('34267884767888', 103, 'AB9012345', 'BOM', 'SFO', '2022-08-04', '2022-09-20', '18R', 'BUSINESS', 165000),
('23145563766666', 104, 'CD9012345', 'BOM', 'SFO', '2022-07-23', '2022-09-20', '19S', 'ECONOMY', 50000),
('42611666666677', 105, 'EF9012345', 'BOM', 'SFO', '2022-07-24', '2022-09-20', '20T', 'BUSINESS', 165000),
('88765433455555', 106, 'GH9012345', 'BOM', 'SFO', '2022-07-25', '2022-09-20', '21U', 'ECONOMY', 50000),
('88765443665440', 107, 'IJ9012345', 'BOM', 'SFO', '2022-08-26', '2022-10-06', '22V', 'FIRST-CLASS', 150000),
('52442626666677', 108, 'KL9012345', 'BOM', 'DIA', '2022-08-27', '2022-10-06', '23W', 'BUSINESS', 35000),
('55555555333335', 109, 'MN9012345', 'BOM', 'DIA', '2022-08-28', '2022-10-06', '24X', 'ECONOMY', 20000),
('88127662362666', 110, 'OP9012345', 'BOM', 'DIA', '2022-08-29', '2022-10-06', '25Y', 'BUSINESS', 35000),
('26652572626588', 111, 'QR9012345', 'BOM', 'HKG', '2022-08-30', '2022-10-06', '26Z', 'ECONOMY', 13000),
('18187177266268', 112, 'ST9012345', 'BOM', 'HKG', '2022-09-01', '2022-10-06', '27AA', 'FIRST CLASS', 27000),
('82888272662999', 113, 'UV9012345', 'BOM', 'HKG', '2022-09-02', '2022-10-06', '28BB', 'BUSINESS', 34000),
('15525515555666', 114, 'WX9012345', 'BOM', 'HKG', '2022-09-03', '2022-10-06', '29CC', 'ECONOMY', 13000),
('16625525626777', 115, 'YZ9012345', 'BOM', 'HKG', '2022-09-01', '2022-10-06', '30DD', 'BUSINESS',34000),
('67267266666366', 116, 'AB0123456', 'BOM', 'HKG', '2022-09-01', '2022-10-06', '31EE', 'FIRST-CLASS',27000),
('24265262626226', 117, 'CD0123456', 'BOM', 'DFW', '2022-09-02', '2022-10-06', '32FF', 'FIRST CLASS', 98000),
('24615526562525', 118, 'EF0123456', 'BOM', 'DFW', '2022-09-03', '2022-10-06', '33GG', 'BUSINESS', 150000),
('15524525243443', 119, 'GH0123456', 'BOM', 'DFW', '2022-09-02', '2022-10-06', '34HH', 'ECONOMY', 81000),
('12424434334534', 120, 'IJ0123456', 'BOM', 'DFW', '2022-09-03', '2022-10-06', '35II', 'BUSINESS', 150000);

SELECT*FROM TICKET;

SELECT*FROM
TERMINAL
JOIN AIRLINE ON TERMINAL.TID=AIRLINE.TID
JOIN FLIGHT ON AIRLINE.AIRID=FLIGHT.AIRID
JOIN PASSENGER ON FLIGHT.FCODE=PASSENGER.FCODE
JOIN TICKET ON PASSENGER.PASSPORTNO=TICKET.PASSPORTNO;













